city_id_code,xchar
U_FA49,樫
U_FCCD,堺
U_FAB6,烟
U_8EBC,鎮
U_8E47,綫
U_FAFC,蔵
U_FB58,墻
U_FA5B,叁
U_FAC1,鐵
U_FAD8,窓
T_90BE,𥑮
T_9A61,艶
T_FDE6,担
T_FBF2,朥
T_FDE5,响
T_FA6B,場
T_96A4,[石函]
T_8EBA,衛
T_96BF,衛
T_FDB8,焜
T_FACA,𤆬
T_8F7B,柒
T_94A5,祭
T_8EB1,強
T_957A,犂
T_FBF5,犁
T_8FED,汚
T_FA5E,鄉
T_FDF4,煱
T_8F70,欉
T_9252,万
T_FC62,猪
T_FBA2,雞
T_FB71,庴
T_FBEB,弍
T_8FB3,温
T_9574,䦉
T_FAE9,参
T_90B4,硓
T_FAE7,叁
T_936A,厨
T_93B5,鎮
T_FDFC,厨
T_FD41,炉
T_FAF6,瑶
T_FAAC,鉄
Q_FEFE,潁
Q_93F2,煱
Q_FEAD,経
Q_FA55,猪
Q_8E45,衞
Q_FE41,鷄
Q_9461,啟
Q_FAA9,温
Q_97BF,祐
Q_97B2,育
Q_8E7C,叁
Q_FD71,貳
Q_FA62,参
Q_FABF,鉄
P_93A2,碱
P_FADD,塩
P_FDE7,蔴
P_FB4A,脚
P_FCB5,鷄
P_985E,眞
P_FEE0,兎
P_FD53,叁
P_FAD2,鉄
P_FAE0,温
P_99EA,鎮
O_83C7,鹽
O_8275,鉄
O_83BD,棃
O_8470,温
O_8174,灯
O_8459,啟
O_8461,卿
O_8265,舘
O_83D4,脚
O_824D,棊
O_846E,玲
N_995B,猪
N_96C8,皓
N_9E54,埤
N_9ADC,數
N_9FFE,鑄
N_95DF,閅
N_9AAC,塩
N_90AA,柒
N_8ED5,氷
N_9157,霖
N_95F9,苝
N_9744,琂
N_97D4,貳
N_947A,滙
N_84C5,
N_9C6D,鳳
N_9AC0,饍
N_FB49,煱
N_8F7E,雞
N_9F56,勳
N_9956,犂
N_8FC3,卻
N_9B4A,滙
N_9A5D,鈎
N_9AA2,叠
N_9BBC,綉
N_9253,亲
N_8F73,灯
N_FA55,厨
N_93C7,黃
N_94F0,哖
N_FBCB,顕
N_95F8,𦓻
N_91CE,炉
N_FDB5,󻕘
N_9165,庙
N_9441,凉
N_9C54,鉄
N_90E8,參
M_8EB0,𧵤
M_8E7B,楼
M_FDFC,囒
M_FA74,頴
M_FAE7,輄
M_FCF1,衞
M_FA6E,綉
M_FA6C,献
M_93EF,玲
M_FD59,炉
M_FED4,块
M_9050,揁
M_924B,為
M_FCE5,温
M_9451,鍢
M_934F,祖
M_FEB2,鷄
M_FD64,厠
M_FDBC,𠩤
M_FEE4,𩗡
M_FA77,鎮
M_8F62,祈
M_FA5B,凉
M_FB57,鉄
M_FA4D,叁
K_FB73,菓
K_8F50,真
K_FCD4,犂
K_FBC2,湳
K_8E64,鎮
K_FA6E,㕑
K_FBE6,煱
K_FD5F,鉄
K_8E62,叁
K_FAD3,参
K_FC62,猫
K_FA45,磘
K_FCD0,滙
J_FBF2,梘
J_FA5B,銹
J_FA47,梹
J_FEDF,啟
J_90C9,曾
J_FEAD,温
J_FC57,叁
J_90D3,增
J_FD58,脚
J_FD6A,衞
J_FA69,猫
J_FA4E,参
J_FEEA,鎮
I_855E,厨
I_815A,鉄
I_814D,脚
I_85BA,強
I_81C2,叁
H_87CD,頴
H_82CC,寿
H_81F6,犁
H_815B,槺
H_81B1,烱
H_88DA,貞
H_82BB,㚢
H_8CC5,滙
H_85CB,汆
H_8256,宝
H_8348,綉
H_84E3,鑬
H_87CA,衞
H_8453,煱
H_8DCE,祺
H_8E4D,玲
H_8153,鉄
H_85A4,櫊
H_8C7C,㻑
H_81B9,炉
H_88C5,寛
H_82B9,舘
H_8BA6,卿
H_81CD,却
H_8247,参
H_8DD8,寿
H_8245,弍
H_86E8,劵
G_FEA4,廍
G_FEA7,窰
G_FB5D,桕
G_95EE,廻
G_89F1,营
G_FCCF,直
G_88EE,
G_95D1,憇
G_95BD,猪
G_81AB,[米展]
G_935B,層
G_90DA,[石柬]
G_FB60,温
G_89F5,墻
G_817E,廐
G_9562,場
G_93BA,髮
G_87C5,厨
G_9575,雞
G_8A54,联
G_937B,鉄
G_956D,墻
F_99FC,結
F_84A4,冲
F_9149,茔
F_85A2,錺
F_8375,東
F_85D8,塲
F_FA4F,磘
F_99BB,磘
F_845A,庙
F_967E,祐
F_9076,茸
F_8D41,慎
F_91B2,[竹稟]
F_81B1,焿
F_90CA,[舟層]
F_82B5,豓
F_8551,銹
F_FAD9,橃
F_8342,蕋
F_99D6,旻
F_90E8,睿
F_93A6,𧀠
F_FADE,儁
F_99F1,雨
F_FEC6,𣚴
F_81AF,炉
F_996F,墙
F_96A4,祺
F_9244,𣕧
F_82DF,焽
F_975F,禧
F_975B,禮
F_96FB,鈴
F_84F9,廸
F_81EE,本
F_975C,玲
F_84E6,厨
F_82DD,亷
F_99F6,翔
F_8DD6,券
F_8173,樑
F_FC49,刣
F_FAD2,梘
F_9372,緒
F_83D1,耽
F_98D4,苒
F_8BD8,厨
F_FC64,炉
F_FB7C,参
F_FBC6,衞
F_97DB,尚
F_FA4B,堃
F_FC48,厨
F_9A66,蘭
F_9855,獎
F_94FA,絲
F_915C,䊹
F_93C6,啟
F_82F9,烱
F_84DC,叙
F_83E5,媖
F_FD62,鍽
F_8459,献
F_8CD1,亀
F_8F55,琇
F_82E6,廼
F_83CF,琼
F_84DE,凉
F_FD48,卿
F_8A49,堺
F_94DB,益
F_9877,增
F_82EB,綉
F_8568,閣
F_84A5,衞
F_83E8,烟
F_8D70,[貝菐]
F_8BA2,欉
F_81E4,参
F_865C,汖
F_8868,欍
F_91C6,𠉿
F_94B1,函
F_8475,羣
F_90A4,煱
F_8460,魩
E_DEEC,碡
E_8F7B,㭍
E_9256,󻋌
E_DE6D,煒
E_FC70,啟
E_FEF6,墵
E_9445,鉢
E_90B1,磱
E_94AC,𤍯
E_FECC,庒
E_FA5E,郷
E_8A49,拔
E_91C5,鐤
E_8E41,切
E_FA70,埈
E_93ED,禾
E_995D,窰
E_9ED3,滙
E_FC4E,窓
E_8EFA,変
E_FD41,炉
E_FA5C,经
E_8ED8,㦸
E_8F6C,檨
E_FAF6,瑤
E_93BC,卿
E_FE47,準
E_DBA3,菇
E_FC4F,寶
E_FDF4,煱
E_8EB1,強
E_90B4,硓
E_90BE,𥑮
E_DE4C,溱
E_FBFE,隣
E_DC76,鈅
E_9357,衛
E_FC60,亂
E_8FAF,𣮤
E_FDFD,練
E_FDCF,臺
E_9556,䦖
E_9F43,練
E_FBAE,蔥
E_9279,枣
E_8EBA,衛
E_9EDD,囪
E_88A6,衞
E_9AF3,竼
E_936A,厨
E_FDFC,厨
E_9BDE,羣
E_FD44,烱
E_FAE9,參
E_FA71,笙
E_FB6D,叠
E_8AD4,祐
E_95B8,狹
E_FAE8,却
E_90ED,绣
E_FA55,綉
E_DDF5,歆
E_9ECF,裕
E_9BC7,媖
E_9B6B,炉
E_FD46,灯
E_FBE9,凉
E_926E,粵
E_FCF4,冲
E_FCE3,迪
E_93FC,𠗣
E_89C4,漆
E_A061,卿
E_A0CC,廩
E_9540,櫊
E_9AEA,韠
E_FBE7,凃
E_8AD4,祐
E_FBE4,滙
D_C7DA,窻
D_99D5,剂
D_9164,窑
D_FAA8,参
D_9857,突
D_976D,王
D_9DD9,福
D_FAB6,亀
D_974D,教
D_9AB7,刣
D_93C0,沪
D_FB53,经
D_9E6E,勺
D_FA44,凃
D_FC50,壓
D_90B3,𨑳
D_C8F8,体
D_FA72,坔
D_FEBA,菓
D_93CE,廊
D_FD5C,賜
D_96C5,豬
D_FA4A,烟
D_8F6A,强
D_FAC5,厨
D_96F0,渦
D_997B,[日酉]
D_FD54,卷
D_93A2,碱
D_9AFC,污
D_FCB5,雞
D_9C6F,禎
D_9CA2,玲
D_926F,㕑
D_91CA,衛
D_975F,窰
D_FACB,聯
D_87DF,廳
D_FAA2,𤆬
D_87F7,厠
D_FA64,炉
D_FA56,凉
D_92A1,櫊
D_FD56,廸
D_FAD2,鉄
D_FD53,叁
D_FC52,塲
B_87C6,強
L_FB6B,双
B_FA59,継
L_FDCF,臺
B_FA6B,塲
B_FAA3,銮
L_FC4B,献
B_FC4B,献
B_FAA7,鍟
B_FDB3,联
B_FC4F,宝
B_FD41,炉
L_9368,[王芳]
L_FEB5,啟
B_FDFE,蟎
B_95D5,廰
B_8F4C,墻
B_FAF2,珷
B_FD4D,烟
B_FCF4,冲
B_FA55,綉
B_9059,綫
B_FEB3,券
B_FCC8,亘
B_FBEB,弍
L_8E45,貮
B_FBF3,[月胥]
B_87E1,啟
L_FBF3,[月胥]
B_FDF4,煱
B_FBF2,朥
B_F83B70,
B_FC62,猪
L_FA55,綉
B_FD46,灯
L_8BBC,
L_FBF5,犂
B_FBF5,犂
L_95B2,
L_FBE4,滙
L_FA5E,鄕
B_FA5E,鄕
B_937C,鄉
B_91EB,変
B_FBE9,凉
B_FEE6,強
B_FEFB,鎮
B_FE76,樓
L_94ED,綉
L_FBE6,舘
B_FC67,衆
L_9059,线
L_FDFC,厨
L_FDB4,营
L_FBE9,凉
L_8FC0,為
L_FAE9,参
L_8E48,卿
L_FAAC,鉄
B_96F1,函
B_FAE9,参
B_FC4E,窸
L_8EAA,真
B_8EAA,真
B_9340,變
L_FEF2,厠
B_8FC0,為
B_FDB4,营
B_9267,图
B_FDFC,廚
B_小段９３建號,
B_小段９２建號,
B_小段９１建號,
B_FD7E,氷
B_FEBC,衛
L_FC62,猪
B_FD40,煊
B_FAD2,焴
L_8EAF,御
L_FDF4,煱
B_FEF2,厠
B_FB6B,双
L_FAE7,叁
B_8E67,廊
B_FA71,堃
B_9054,參
B_8BCA,翎
B_8162,銹
B_86B3,糍
B_8964,閡
B_88C4,煱
B_88C2,賘
B_81F2,烟
B_8858,营
B_81FE,炉
B_8263,却
B_8BD8,圖
B_89FC,為
B_8257,壠
B_8BD7,兼
B_8AB3,植
B_8AAD,直
B_8476,綉
B_FAE7,叁
B_82B9,弍
B_8153,脚
B_8153,脚
B_82BD,叁
B_82B3,凉
B_8A4F,輕
B_89EF,厠
B_815D,鉄
B_8153,脚
A_8747,倩
A_87FD,逸
A_FDF4,炉
A_90D6,８７
A_90E2,９９
A_88A5,進
V_FD4B,壠
V_FBEC,脚
V_FBE6,舘
V_FAE7,叁
A_907E,３３
A_9061,０４
A_90A5,３８
A_90B6,５５
A_90BC,６１
A_90DF,９６
A_90B0,４９
A_905D,０
A_90BD,６２
A_9072,２１
A_90C9,７４
A_88B1,娟
A_90D1,８２
A_90A7,４０
A_90A7,４０
A_90D1,８２
A_90D1,８２
A_9073,２２
A_9074,２３
A_9073,２２
A_90D1,８２
A_90C3,６８
A_90A7,４０
A_90A7,４０
A_90A7,４０
A_90A3,３６
A_9060,０３
A_9066,０９
A_90DB,９２
A_905E,０１
A_9D4D,夲
A_86D8,禮
A_90C2,６７
A_FBB5,珉
A_90B1,５０
A_900,[900]
A_90BF,６４
A_90AE,４７
A_90D8,８９
A_90B9,５８
A_9071,２０
A_90BE,６３
A_90A4,３７
A_907C,３１
A_90C1,６６
A_90C1,６６
A_90B4,５３
A_9062,０５
A_9065,０８
A_90D7,８８
A_9065,０８
A_9065,０８
A_90E1,９８
A_90AD,４６
A_90B7,５６
A_90DC,９３
A_FBB1,豬
A_90DE,９５
A_9079,２８
A_9079,２８
A_9079,２８
A_906E,１７
A_9073,２２
A_906E,１７
A_90D9,９０
A_9074,２３
A_90AA,４３
A_90B4,５３
A_907D,３２
A_90DD,９４
A_9064,０７
A_90D3,８４
A_90D5,８６
A_90D2,８３
A_90AC,４５
A_90B2,５１
A_90C5,７０
A_90C5,７０
A_90C4,６９
A_90A1,３４
A_83E9,鎮
A_905A,[905A]
A_94FB,欵
A_FBA4,烟
A_FDF5,煱
A_FA71,埈
A_93A2,𣞼
A_FEEF,枱
A_FA5C,凉
A_8568,祐
A_FCCD,覇
A_FD47,鉢
A_9044,𤆬
A_90B5,５４
A_90AF,４８
A_8778,煥
A_90C2,６７
A_90C7,７２
A_90AC,４５
A_90D0,８１
A_95D2,廸
A_90CC,７７
A_9D0,[9D0]
A_86B3,玲
A_FDE5,[FDE5]
A_90CD,７８
A_90C8,７３
A_88E5,綺
A_88EE,平
A_90A8,４１
A_90C4,６９
A_90BB,６０
A_FC63,联
A_9075,２４
A_90CA,７５
A_90B8,５７
A_90CB,７６
A_90C3,６８
A_90D2,８３
A_90D5,８６
A_904B,灯
A_90CE,７９
A_90C1,６６
A_90C0,６５
A_FCC3,衞
A_FBF9,筯
A_FDDC,亟
A_FBAF,犂
A_86A2,伶
A_9EDB,廚
A_FC55,罁
A_917E,櫊
A_90BF,６４
A_FAFB,担
A_905B,𠃎
A_FA79,厠
A_FC4C,綉
A_9048,鉄
A_86B3,玲
A_8667,涵
A_8E54,獻
A_937B,煉
A_9653,厨
C_81C5,涼
C_82A5,綉
C_9D78,
C_8DF0,庙
C_83A2,參
C_84B8,參
C_81C7,叁
C_82D0,舘
U_FAAF,腳
U_FA57,邨
U_FBAF,廈
T_FBE6,舘
T_FC70,啟
T_FDB7,羗
T_FA72,塩
T_FB74,庒
T_FBE9,凉
T_96DF,真
T_924B,眞
T_FB73,庙
T_FAEB,恊
T_FBEC,脚
T_90AD,窯
T_FB4A,槺
T_FD45,田
T_FB4E,梹
T_FB70,廍
T_9BC7,育
T_FB75,磘
Q_FA5D,舘
Q_FABB,畑
Q_FAB6,亀
Q_95AC,鎮
Q_94B7,鎮
Q_9766,芊
Q_FE4A,猫
Q_FA5B,塩
Q_FE75,塭
Q_FA72,舊
Q_96DD,涵
Q_8EF1,脚
Q_FE6B,頂
P_FA41,磘
P_93DC,塩
P_FACA,峯
P_FA4C,舘
O_824E,峰
N_FAE5,塗
N_FB5B,漏
N_FB6D,寮
N_8FD2,卿
N_8F4F,鎮
N_FAAD,廍
N_FEA5,發
N_FED7,奄
M_FACB,磘
M_FA54,峰
M_FB4F,羌
M_FCE9,廈
M_8EC6,廍
M_FD78,腳
M_FC4E,犂
M_FAC0,硘
M_92F8,禮
M_92C2,祥
M_934A,祿
M_92CA,福
M_FAA9,廍
M_93B8,眾
M_FB44,館
M_FA40,雙
M_9367,育
M_FA63,果
K_FAF3,麻
K_FDC1,麻
K_FBC9,榔
K_FBC4,卡
K_8F7E,敘
K_FA51,廍
K_FBA5,羌
K_FDC0,羌
K_905A,育
K_8F5C,育
K_FA65,蘆
K_FA77,村
K_FBEC,雞
K_FA6C,鹽
K_FB69,館
K_FADF,窯
K_FBC0,墘
K_8FA6,塭
K_FA40,槺
K_FA66,雙
K_FA50,峰
K_FCA7,腳
K_FA69,館
K_9043,為
J_FAA2,磜
J_FA56,雙
J_FAAB,鬮
J_FA4F,峰
J_FAF0,豬
J_FC61,庄
J_FA68,廍
J_FBCD,廍
J_FB5E,鐵
J_8F7D,羅
J_8F5B,禧
J_8F56,維
J_FA52,邨
J_FB49,興
J_FC77,犂
J_8EC3,育
J_FA57,焿
I_8242,姜
I_81D8,瑤
H_82C0,邨
H_81F3,啓
H_81FC,叁
H_82AC,邹
H_8263,猪
G_FCC1,鎮
G_FBA3,塭
F_82ED,磘
F_83B1,梘
F_84AA,𡍼
F_844A,笋
F_86C3,笋
F_82F3,𫙮
F_84B0,浜
F_FBD1,浜
F_FAE7,坂
F_8461,𩻸
F_FBA4,𩻸
F_83E1,𥕢
F_845B,参
E_DBC1,衖
E_DB5F,萣
E_E7C4,福
E_E745,鋪
D_9078,羗
D_89F0,祖
D_FCDB,庙
D_9165,埤
D_FADD,鹽
D_97AC,噍
D_FCFC,韮
D_C840,虎
D_FD7C,売
D_FACA,峯
D_9774,壳
D_9150,鼎
D_FBE7,𦰡
D_FDB6,庒
D_FA4C,舘
D_92C1,鯓
D_94A8,槺
D_83E0,檨
D_9278,檨
D_924D,塭
D_9C70,祥
D_98F5,芊
D_9CBC,窯
D_FA41,窯
D_FB54,双
D_FA59,脇
D_FA74,晋
D_FA69,尫
D_92F6,関
D_9FE8,育
D_FB4A,脚
D_FA40,廍
D_9D52,鎮
D_8770,真
D_FCED,効
D_98D1,鎮
D_9ECD,建
D_93DC,塩
D_89CF,社
B_FE45,鳳
B_FBFC,邨
B_FA47,緜
B_8E45,貳
B_FDB7,羗
B_FEAF,売
B_FC75,売
B_FBEC,脚
B_FB4A,槺
B_8956,鎮
B_FB70,廍
V_9871,曼
V_FA69,坂
V_8FE6,旦
V_FB70,廍
V_8FB3,溫
A_86A3,菁
A_88F6,社
A_FD40,邨
A_FEF8,梘
A_897B,紹
A_8866,嶺
F_FCD1,亷
H_8AB6,啣
F_91A4,[田寮]
F_8F5D,猪
F_81EF,猪
F_87EB,[壹皮]
F_8453,邨
F_83DB,菓
F_FAB2,灔
F_8DBF,灎
F_836F,灔
F_FD45,亀
F_90AE,嶐
F_9859,腳
F_84ED,㒬
F_92D8,芉
F_8745,竪
F_83EA,灯
F_81A7,濓
F_96D2,祈
F_9961,文
F_8F6A,鮘
L_8F65,温
B_FAAC,鉄
L_9361,磘
B_9361,磘
L_FB75,磘
B_FB75,磘
A_89DF,紗
L_9444,育
E_9161,虎
E_FD4B,壠
E_92B3,榖
E_FB6B,双
E_FD45,畑
E_9141,卧
E_92DB,邊
E_FAAC,鉄
E_8EDB,拕
E_92DE,眾
H_81D0,坟
E_FC74,寿
E_FEEF,坔
E_FCA5,裠
L_FC75,壳
L_FB70,廍
L_FBEC,脚
A_876A,齡
E_FB74,庒
H_8ED0,育
F_83B0,双
A_FC73,舘
B_FE58,裡
H_83A5,鷄
H_81E2,犂
B_FEB4,啓
L_FEB4,滙
E_FBEC,脚
E_FB75,磘
E_90AD,磘
B_FBE6,舘
B_FA5C,経
A_9FA2,雙
E_884E,真
F_FAD1,双
F_FB43,𥕢
H_8AD8,堅
H_88A5,竪
E_FE45,鳳
E_9268,盛
L_936C,鎮
L_FB74,庄
L_FB4A,槺
E_9264,𬋩
E_92D3,𤕖
A_FC6B,脚
A_FBF1,窰
E_92DF,號
E_FBD0,畓
E_FB73,廟
E_8FB3,温
E_88CC,鎭
H_8751,庄
E_FDBF,厦
E_9B76,恒
H_81EF,奧
E_FDE6,担
E_FBE6,舘
F_99DC,維
F_96D9,直
F_95CF,育
H_8149,脚
H_8D4F,莿
E_9FB7,啟
E_9EB0,𥘿
E_FAE7,叁
E_FA4B,峯
E_FB70,廍
F_8171,𣐤
L_FE58,裡
H_9D78,
H_82A9,双
H_82E3,菓
H_9D7B,
N_9047,庄
N_A0D7,𥔽
U_FACF,庄
N_8F43,礦
N_FE4C,磘
O_85E8,善
N_FB54,塭
V_FA4D,𡶛
V_98A3,㕸
V_90AD,磘
T_92DE,眾
N_8F4A,館
V_FBB3,蔴
N_94A2,峰
K_FA5D,焿
K_FB74,埤
N_9945,泉
N_97A3,腳
K_FC58,衖
T_9CB1,畑
M_FAFD,琼
Q_FDF9,繻
M_94A5,益
Q_FA71,𣐤
Q_FBB8,叠
K_8E63,鎮
P_9278,檨
M_FDBE,裡
P_FD51,邨
N_FA7B,磘
K_8F4F,啟
N_8E7B,雙
N_9944,溫
N_8FFC,壽
N_90E7,三
N_FBE5,柳
N_9D61,瑤
N_FD77,糧
Q_FA53,廍
Q_FEEA,庄
Q_FA41,槺
Q_FA5C,双
O_C6BF,、
N_9155,寶
Q_FA40,𧃽
T_92DF,號
N_92AF,興
M_936F,祠
F_C729,?
F_FDDE,脚
F_87AE,厦
F_89F7,厦
F_9375,真
F_8174,灧
E_FD4D,烟
E_FAF7,琼
E_91BD,邊
E_93B5,鎭
B_FA41,晋
E_FDC7,碱
B_FB74,庄
F_FC7D,峯
B_82BB,廍
F_8472,犂
B_82CD,庄
D_9C59,鈴
A_FAA1,叁
H_81D7,塩
B_9444,育
B_81EF,双
G_FD50,[去來]
J_FBEA,館
J_FAC9,雞
I_81ED,邨
I_8650,啓
G_FA40,廍
H_81CC,厦
B_83BC,舘
H_8B78,鎮
D_C8A9,兜
E_FBF5,犂
E_885B,禎
C_9DE6,
D_9BE5,苒
Q_FCBD,𣳓
A_FA7C,厦
A_82B9,戞
A_83CA,啟
A_83DA,温
A_83F5,坔
A_8540,黃
A_85E6,慎
A_86CC,祿
A_86F4,鬪
A_87B2,儲
A_87DC,屠
A_87F6,蔡
A_8845,蔣
A_8871,曾
A_8878,胡
A_88B9,達
A_88D8,鄭
A_88DD,翊
A_88F0,謚
A_8975,黃
A_897E,道
A_8E46,漋
A_8F76,鈵
A_905F,０２
A_9065,０８
A_9067,１０
A_9068,１１
A_9069,１２
A_906A,１３
A_906B,１４
A_906C,１５
A_906D,１６
A_906E,１７
A_906F,１８
A_9070,１９
A_9071,２０
A_9073,２２
A_9076,２５
A_9077,２６
A_9078,２７
A_907A,２９
A_907B,３０
A_90A2,３５
A_90A6,３９
A_90A7,４０
A_90A9,４２
A_90AB,４４
A_90BA,５９
A_90C5,７０
A_90C6,７１
A_90C9,７４
A_90CF,８０
A_90D4,８５
A_90D9,９０
A_90DA,９１
A_90E0,９７
A_93F4,隽
A_95AE,𩻸
A_9773,咊
A_9D59,礐
A_9FA1,滙
A_9FD8,温
A_A06A,機
A_A06D,甯
A_FAB3,坟
A_FAD0,峯
A_FBB8,瑠
A_FC4D,綫
A_FC5A,羣
A_FCB0,蘂
A_FCF1,躭
A_FE53,凃
B_8152,雞
B_81D3,温
B_81D6,滙
B_8262,喆
B_8265,坂
B_82A6,筑
B_82B1,凃
B_82B5,塗
B_82F4,瑨
B_837B,𫙮
B_83C9,邨
B_84D2,𨯵
B_87AC,䦉
B_8873,硦
B_88C0,窿
B_8A4A,媁
B_8AC1,諸
B_8B78,黃
B_8EBC,榆
B_8F65,温
B_8F66,刘
B_8FF2,硦
B_90B5,驜
B_91CC,曹
B_91FE,𫐩
B_92DB,[赤艮]
B_9362,硦
B_936C,鎮
B_9459,岞
B_946D,善
B_9475,[言巳]
B_94DA,黃
B_96FB,聆
B_9740,祿
B_974B,祈
B_97B1,瑤
B_97E9,玲
B_97EA,伶
B_97F0,維
B_98B0,黃
B_FA69,坂
B_FAB1,鋇
B_FACA,𤆬
B_FBA2,鷄
B_FBE4,滙
B_FBE7,凃
B_FC74,寿
B_FD4B,壠
B_FD69,烏
B_FDCF,臺
B_FDF6,湙
B_FE43,瑨
C_83F7,黃
C_8474,祥
D_86C1,爲
D_87CA,俞
D_896B,𡘙
D_8A4F,苓
D_8A77,达
D_96CD,𢪱
D_97AD,幣
D_9B57,汧
D_9C63,益
D_9CD0,勲
D_9DB9,黃
D_9DBC,祿
D_9DD2,祿
D_9EBC,綾
D_9F7A,曾
D_9FA6,范
D_9FAA,延
D_9FAF,褚
D_A06E,鎰
D_A0BD,檨
D_C84C,壱
D_FA45,堃
D_FAE0,温
D_FBBF,担
D_FD5F,叄
D_FD6E,𥕢
E_FA72,塩
F_816B,𣐀
F_8176,灍
F_81EC,宝
F_824C,龐
F_82B0,萤
F_82B2,葵
F_82FB,凃
F_83AD,滙
F_83BF,仔
F_83DD,羗
F_8549,獇
F_855D,峯
F_85D9,売
F_85FD,滙
F_86A8,硘
F_86B2,𦋐
F_86E4,獇
F_8FF7,潤
F_9143,迪
F_935C,鎮
F_94F7,𤖔
F_95BA,綫
F_95C6,高
F_9678,黃
F_9759,祿
F_975D,曾
F_97A7,顔
F_9848,黃
F_9850,禕
F_9878,融
F_98E2,鄭
F_98EF,誩
F_99A1,𤦬
F_99A8,翊
F_99CE,芳
F_99D8,紀
F_99E8,蕭
F_9A40,勝
F_9A52,堵
F_9B65,羅
F_FA52,鈎
F_FA5D,凃
F_FACE,滙
F_FB6B,笋
F_FC69,獇
F_FCB8,禇
F_FCEE,𨶒
F_FDCB,甡
F_FDF6,温
F_FEC4,舘
H_8148,関
H_815F,枬
H_8166,栢
H_81AD,温
H_81C4,𥺪
H_81C7,𣀢
H_81E4,蕾
H_81FA,凃
H_8243,塗
H_8253,窰
H_8255,寗
H_82A2,龐
H_82D9,羣
H_8343,峯
H_834D,彜
H_835B,堃
H_8366,刘
H_83A1,萡
H_83B5,𫆳
H_83DE,滙
H_85A3,𩻸
H_86EB,胆
H_88CE,[米齊]
H_8979,𨿅
H_8BA5,啟
H_8C44,廉
H_8C57,圧
H_8C58,祐
H_8CC3,褚
H_8CD8,禎
H_8D4C,遆
H_8D52,鳶
H_8D58,肁
H_8D7C,祁
H_8DA1,黃
H_8DA6,悦
H_8DDF,叁
H_8E5B,迪
H_8EAD,祝
H_8ECA,紀
H_8EF8,蒨
H_8EF9,寗
H_8FC5,肁
H_8FD1,祁
H_8FFE,鈴
H_90AD,堃
H_90E3,城
H_924A,曾
H_92DD,育
H_C7AD,隶
J_FA74,槺
J_FAAE,鉁
J_FACC,凃
K_FA42,栢
K_FCB2,温
K_FDC8,栢
K_FDEF,閠
N_8FC4,𫙮
N_9267,凃
N_997D,硦
N_9D60,瑨
N_FAAA,杞
N_FB53,𣏌
N_FBAC,萡
N_FCC8,塩
O_81BB,凃
006a6370b1b6537e77491e1fd3dad55388b794ce,緯
00c25e6b360e748053759497bad55b489cbbb1b2,黄
00cc21ed33862637a19aa7507a7eff19da69504d,啓
00fb6382db0b61434d06ce985d962caa5c49971b,稹
011cf297850699c832b4a9e6afc910d255453fd4,禪
01a4daac57b14ec48bb1dd6204ce8c3aa6c7ceb9,顏
0225826d93b733331e3f7437a1af6075f5990214,鎮
02a03e3c4a4800c75d7cf44883be13173cf7c7d1,廷
049c41147f7e097c6be50c7f6370b7c62d04e930,莫
04a7b906ec7a77cd972aadb8a2d14e583bbcc5ca,聚
05a0ef844ab6d452029c0d069012554e6ed4d8c8,顏
05d9664134a79df025cd1e61837a87c826472cf1,芊
062997cd4ea091bd89b4bef36e9eb684d9a132af,益
067b911be65d082402bb5818b42a4733f9d27aeb,暎
06b9e44e0c92fa9ac1c07a070d893b8dcd7d7f1b,直
07aaa7d4a0f3be9612efe2a6dbf180935fa99848,融
0d128f20ea052129a9b50e98664d7efec688cfc7,滙
10c2600560f7112989a9e80cc8f2567f6695ae84,鄭
1f228c2bfdeca949c4081a0a3b0a660f669925e4,鐿
22b7b7fc3b7de44a066510a8285f5757ffa39e32,黃
239c4b75608a0ddcbfa7efae80562d4cc9551b1c,祝
24ba2ccfde9d01bb822e81641f8e90c12dadba67,苑
268226c1577010881bc3f7677ac20231ca0bc9f0,凃
33bb90f40624edd7b523587f270cda84bf574110,蕭
35fd3b1a81f873945de5da1e33c8ff9098d16025,紀
3835662e5d8b8691dd208ac0fb0bbb7ae4f41dae,融
42966a79d4f9ef39f79a14ad94daa32684b7ed7e,达
48cc225ca81a5997dafbd713bb36d30b58bef150,滙
4c5e2c9465b20b5cd490038e64f973f6cee7aa0c,滙
5218a45d6774d3a424a0aa00fdc6e167ec04768b,胡
56fab2fd495b32262397394cc8bc01d772e5151b,柳
5c7def0389c1b2e54de038771f5dbfec2692d210,曾
65a5d72db1c350925d08860adce127c3451ab530,黃
6baafce86d50ee73281e1ea9452c2a7ea23e05f9,曾
756b74cddf03ebff1844bfe23c4e9c50cf3bf7fb,滙
8583d5bccce93cfde6c82baa11806b2f8edc36b7,峯
8d60f2aec6e72cd97b09d4b5e237266a9b50096c,鄭
9f599a8aa52aac887ae86fd9d0c53bccd7156108,瑨
a433d0fb9c14104ccc31abd6a8e14205fa2235a2,峯
a65104100b30e36826ba88efead119a456154953,曾
b0af213c90a8aa8a4c6301e1e0662fedf2687d8f,俞
b72018a10f4101cc572858ece9d29e9650cf0288,逄
bbd623b39286ce5cf8632169223782658812fa5d,达
be31679ac77dff667ec0c1e7b729013a7afe6cc7,温
c1291c4652e0fb701ae3f7e88afeeadf5fa1e368,俞
c3e0ee986e9a4df053ae226a1b0a83018549a503,黃
ca1c68fd1027d0e48f270e73088b2f728590f056,祐
ca85f90afde6bb44dd3ef052dae68b3e19c9089d,蔡
ed7af3779b599df6b825065232e9929579a0f53f,褚
efe415f9a5e39218ca872924b326f97a18a71275,温
f2a301146ddd1e8425346c7952de4adeb1b33708,强
f3e61281066b179a0d57b027c87198ce3bfbea02,[𨔐]
